{"cameraMode":{"drawMode":0,"name":"Shaded","section":"Shading Mode"},"sceneLighting":true,"audioPlay":false,"sceneViewState":{"showFog":false,"showMaterialUpdate":false,"showSkybox":false,"showFlares":false,"showImageEffects":false,"showParticleSystems":false},"in2DMode":false,"pivot":{"x":7.665741920471191,"y":11.879919052124024,"z":-6.044395446777344},"rotation":{"x":0.192239448428154,"y":-0.023549851030111314,"z":0.004614635836333036,"w":0.9810546040534973},"size":51.0722541809082,"orthographic":false}