{"cameraMode":{"drawMode":0,"name":"Shaded","section":"Shading Mode"},"sceneLighting":false,"audioPlay":false,"sceneViewState":{"showFog":false,"showMaterialUpdate":false,"showSkybox":false,"showFlares":false,"showImageEffects":false,"showParticleSystems":false},"in2DMode":false,"pivot":{"x":1.8051048517227173,"y":11.63782787322998,"z":-8.00737190246582},"rotation":{"x":0.402557909488678,"y":-0.06718569993972779,"z":0.029641415923833848,"w":0.9124443531036377},"size":12.127031326293946,"orthographic":false}