{"cameraMode":{"drawMode":0,"name":"Shaded","section":"Shading Mode"},"sceneLighting":true,"audioPlay":false,"sceneViewState":{"showFog":false,"showMaterialUpdate":false,"showSkybox":false,"showFlares":false,"showImageEffects":false,"showParticleSystems":false},"in2DMode":false,"pivot":{"x":3.655590772628784,"y":-2.3647212982177736,"z":2.5085716247558595},"rotation":{"x":0.4452010691165924,"y":-1.9728611799774144e-10,"z":-1.1773765962175276e-8,"w":0.8954305648803711},"size":37.973567962646487,"orthographic":false}